Month,Revenue,Expenses,Assets,Liabilities,Debt,Total Customers,Marketing Spend,Number of Employees,Orders/Purchases,Labour Hours,Current Assets,Current Liabilities
January,24000,22000,65000,30000,24000,800,500,3,2400,360,15000,12000
February,25000,22500,65000,29500,23500,820,500,3,2500,370,15500,12000
March,26000,23000,65500,29000,23000,850,600,3,2600,380,16500,12000
April,27000,23500,66500,28500,22500,870,600,3,2700,390,18000,12000
May,28000,24000,68000,28000,22000,900,700,3,2800,400,20000,12000
June,29000,24500,70000,27500,21500,930,700,3,2900,410,22500,12000
July,30000,26000,71500,27000,21000,950,800,4,3000,480,24500,12000
August,31000,26500,73500,26500,20500,980,800,4,3100,490,27000,12000
September,32000,27000,76000,26000,20000,1000,900,4,3200,500,30000,12000
October,33000,27500,79000,25500,19500,1030,900,4,3300,510,33500,12000
November,34000,28000,82500,25000,19000,1060,1000,4,3400,520,37500,12000
December,35000,28500,86500,24500,18500,1100,1000,4,3500,530,42000,12000